label,class,target_percent,move_action,move_command_run_elapsed_s,stop_command_run_elapsed_s,stop_delay_after_move_command_s,start_position_percent,position_at_stop_command_percent,settled_position_percent,settled_minus_stop_position_pp,target_error_pp,settle_sample_delay_after_stop_s
target_25_from_closed,opening_from_closed,25.0,open,21.282942375168204,27.0319423751682,5.748999999999995,0.004880677799073491,35.367593896316826,37.091487958454366,1.7238940621375392,12.091487958454366,0.31457624987140775
target_50_from_closed,opening_from_closed,50.0,open,41.1269423751682,49.33794237516821,8.211000000000013,0.0509301333283078,36.31219580928434,37.088163442646135,0.7759676333617946,-12.911836557353865,0.27381645811721
target_75_from_closed,opening_from_closed,75.0,open,63.20094237516821,73.6029423751682,10.401999999999987,0.05932882836964675,49.9339335151744,50.991180342817465,1.0572468276430627,-24.008819657182535,0.253379041161395
target_75_from_open,closing_from_open,75.0,close,111.50794237516823,117.76494237516823,6.257000000000005,99.98743755592808,67.33938232544845,66.57587618896979,-0.7635061364786679,-8.424123811030213,0.2544877080544552
target_50_from_open,closing_from_open,50.0,close,128.5759423751682,139.0189423751682,10.442999999999984,99.962459609077,42.80770176893023,42.202247503080734,-0.6054542658494952,-7.797752496919266,0.24666783310101437
target_25_from_open,closing_from_open,25.0,close,153.38494237516824,168.26494237516823,14.879999999999995,99.92498420535411,18.650560744072255,18.37139726839126,-0.27916347568099553,-6.628602731608741,0.11307275000211803
