{
  "observations": [
    {
      "run": "AUTO02",
      "label": "target_25_from_closed",
      "class": "opening_from_closed",
      "target_percent": 25.0,
      "move_command_run_elapsed_s": 39.42156658321619,
      "stop_command_run_elapsed_s": 44.93656658321619,
      "stop_delay_after_move_command_s": 5.515000000000001,
      "start_position_percent": 0.0,
      "position_at_stop_command_percent": 32.10978964788481,
      "settled_position_percent": 33.25542015670941,
      "settled_minus_stop_position_pp": 1.1456305088246026,
      "target_error_pp": 8.255420156709413,
      "settle_sample_delay_after_stop_s": 0.27620041709393206,
      "quality": "usable"
    },
    {
      "run": "AUTO02",
      "label": "target_50_from_closed",
      "class": "opening_from_closed",
      "target_percent": 50.0,
      "move_command_run_elapsed_s": 58.34956658321619,
      "stop_command_run_elapsed_s": 66.3805665832162,
      "stop_delay_after_move_command_s": 8.031000000000006,
      "start_position_percent": 0.2342616417852324,
      "position_at_stop_command_percent": 59.805586464448005,
      "settled_position_percent": 60.350590764014115,
      "settled_minus_stop_position_pp": 0.5450042995661093,
      "target_error_pp": 10.350590764014115,
      "settle_sample_delay_after_stop_s": 0.11548808383196274,
      "quality": "usable"
    },
    {
      "run": "AUTO02",
      "label": "target_75_from_closed",
      "class": "opening_from_closed",
      "target_percent": 75.0,
      "move_command_run_elapsed_s": 84.76456658321618,
      "stop_command_run_elapsed_s": 94.98156658321619,
      "stop_delay_after_move_command_s": 10.217000000000013,
      "start_position_percent": 0.16724245644011343,
      "position_at_stop_command_percent": 49.10254051192661,
      "settled_position_percent": 49.81555462783125,
      "settled_minus_stop_position_pp": 0.7130141159046346,
      "target_error_pp": -25.184445372168753,
      "settle_sample_delay_after_stop_s": 0.33576437510549795,
      "quality": "usable"
    },
    {
      "run": "AUTO02",
      "label": "target_75_from_open",
      "class": "closing_from_open",
      "target_percent": 75.0,
      "move_command_run_elapsed_s": 133.4385665832162,
      "stop_command_run_elapsed_s": 139.4565665832162,
      "stop_delay_after_move_command_s": 6.018000000000001,
      "start_position_percent": 99.96110244249122,
      "position_at_stop_command_percent": 68.22286850766277,
      "settled_position_percent": 67.67232199791455,
      "settled_minus_stop_position_pp": -0.5505465097482158,
      "target_error_pp": -7.327678002085449,
      "settle_sample_delay_after_stop_s": 0.17342441683635457,
      "quality": "usable"
    },
    {
      "run": "AUTO02",
      "label": "target_50_from_open",
      "class": "closing_from_open",
      "target_percent": 50.0,
      "move_command_run_elapsed_s": 149.9935665832162,
      "stop_command_run_elapsed_s": 160.39656658321618,
      "stop_delay_after_move_command_s": 10.402999999999992,
      "start_position_percent": 99.84878358412507,
      "position_at_stop_command_percent": 42.23775402936022,
      "settled_position_percent": 41.84214381215447,
      "settled_minus_stop_position_pp": -0.39561021720574985,
      "target_error_pp": -8.157856187845532,
      "settle_sample_delay_after_stop_s": 0.1908637919463274,
      "quality": "usable"
    },
    {
      "run": "AUTO04",
      "label": "target_25_from_closed",
      "class": "opening_from_closed",
      "target_percent": 25.0,
      "move_command_run_elapsed_s": 21.282942375168204,
      "stop_command_run_elapsed_s": 27.0319423751682,
      "stop_delay_after_move_command_s": 5.748999999999995,
      "start_position_percent": 0.004880677799073491,
      "position_at_stop_command_percent": 35.367593896316826,
      "settled_position_percent": 37.091487958454366,
      "settled_minus_stop_position_pp": 1.7238940621375392,
      "target_error_pp": 12.091487958454366,
      "settle_sample_delay_after_stop_s": 0.31457624987140775,
      "quality": "usable"
    },
    {
      "run": "AUTO04",
      "label": "target_50_from_closed",
      "class": "opening_from_closed",
      "target_percent": 50.0,
      "move_command_run_elapsed_s": 41.1269423751682,
      "stop_command_run_elapsed_s": 49.33794237516821,
      "stop_delay_after_move_command_s": 8.211000000000013,
      "start_position_percent": 0.0509301333283078,
      "position_at_stop_command_percent": 36.31219580928434,
      "settled_position_percent": 37.088163442646135,
      "settled_minus_stop_position_pp": 0.7759676333617946,
      "target_error_pp": -12.911836557353865,
      "settle_sample_delay_after_stop_s": 0.27381645811721,
      "quality": "usable"
    },
    {
      "run": "AUTO04",
      "label": "target_75_from_closed",
      "class": "opening_from_closed",
      "target_percent": 75.0,
      "move_command_run_elapsed_s": 63.20094237516821,
      "stop_command_run_elapsed_s": 73.6029423751682,
      "stop_delay_after_move_command_s": 10.401999999999987,
      "start_position_percent": 0.05932882836964675,
      "position_at_stop_command_percent": 49.9339335151744,
      "settled_position_percent": 50.991180342817465,
      "settled_minus_stop_position_pp": 1.0572468276430627,
      "target_error_pp": -24.008819657182535,
      "settle_sample_delay_after_stop_s": 0.253379041161395,
      "quality": "usable"
    },
    {
      "run": "AUTO04",
      "label": "target_75_from_open",
      "class": "closing_from_open",
      "target_percent": 75.0,
      "move_command_run_elapsed_s": 111.50794237516823,
      "stop_command_run_elapsed_s": 117.76494237516823,
      "stop_delay_after_move_command_s": 6.257000000000005,
      "start_position_percent": 99.98743755592808,
      "position_at_stop_command_percent": 67.33938232544845,
      "settled_position_percent": 66.57587618896979,
      "settled_minus_stop_position_pp": -0.7635061364786679,
      "target_error_pp": -8.424123811030213,
      "settle_sample_delay_after_stop_s": 0.2544877080544552,
      "quality": "usable"
    },
    {
      "run": "AUTO04",
      "label": "target_50_from_open",
      "class": "closing_from_open",
      "target_percent": 50.0,
      "move_command_run_elapsed_s": 128.5759423751682,
      "stop_command_run_elapsed_s": 139.0189423751682,
      "stop_delay_after_move_command_s": 10.442999999999984,
      "start_position_percent": 99.962459609077,
      "position_at_stop_command_percent": 42.80770176893023,
      "settled_position_percent": 42.202247503080734,
      "settled_minus_stop_position_pp": -0.6054542658494952,
      "target_error_pp": -7.797752496919266,
      "settle_sample_delay_after_stop_s": 0.24666783310101437,
      "quality": "usable"
    },
    {
      "run": "AUTO04",
      "label": "target_25_from_open",
      "class": "closing_from_open",
      "target_percent": 25.0,
      "move_command_run_elapsed_s": 153.38494237516824,
      "stop_command_run_elapsed_s": 168.26494237516823,
      "stop_delay_after_move_command_s": 14.879999999999995,
      "start_position_percent": 99.92498420535411,
      "position_at_stop_command_percent": 18.650560744072255,
      "settled_position_percent": 18.37139726839126,
      "settled_minus_stop_position_pp": -0.27916347568099553,
      "target_error_pp": -6.628602731608741,
      "settle_sample_delay_after_stop_s": 0.11307275000211803,
      "quality": "usable"
    }
  ],
  "metrics": [
    {
      "class": "opening_from_closed",
      "model": "current_target_equals_settled_assumption",
      "n": 6,
      "rmse_pp": 16.82699223220454,
      "mae_pp": 15.467100077647174,
      "max_abs_error_pp": 25.184445372168753
    },
    {
      "class": "opening_from_closed",
      "model": "linear_stop_position_to_settled: settled=0.975103*stop_position+2.083240",
      "n": 6,
      "rmse_pp": 0.2957326533226556,
      "mae_pp": 0.2461314552094566,
      "max_abs_error_pp": 0.5211932677028983
    },
    {
      "class": "opening_from_closed",